{"siteAccessTime":"2024-04-27T18:32:12.044Z","action":"Decline","responseTime":"2024-04-27T18:32:15.054Z","modalTag":"popupA"}
{"siteAccessTime":"2024-04-27T18:32:15.831Z","action":"Accept","responseTime":"2024-04-27T18:32:16.604Z","modalTag":"popupC"}
{"siteAccessTime":"2024-04-27T18:32:17.190Z","action":"Decline","responseTime":"2024-04-27T18:32:17.918Z","modalTag":"popupC"}
{"siteAccessTime":"2024-04-27T18:32:18.430Z","action":"Accept","responseTime":"2024-04-27T18:32:19.113Z","modalTag":"popupA"}
{"siteAccessTime":"2024-04-27T18:32:19.733Z","action":"Decline","responseTime":"2024-04-27T18:32:20.465Z","modalTag":"popupD"}
{"siteAccessTime":"2024-04-27T18:32:54.776Z","action":"Decline","responseTime":"2024-04-27T18:32:56.157Z","modalTag":"popupB"}
{"siteAccessTime":"2024-04-27T18:32:57.132Z","action":"Accept","responseTime":"2024-04-27T18:32:58.190Z","modalTag":"popupC"}
{"siteAccessTime":"2024-04-27T18:32:58.650Z","action":"Decline","responseTime":"2024-04-27T18:32:59.433Z","modalTag":"popupB"}
{"siteAccessTime":"2024-04-27T18:35:45.846Z","action":"Background Close","responseTime":"2024-04-27T18:35:46.895Z","modalTag":"popupC"}
{"siteAccessTime":"2024-04-27T18:35:47.877Z","action":"Decline","responseTime":"2024-04-27T18:35:48.800Z","modalTag":"popupC"}
{"siteAccessTime":"2024-04-27T18:35:49.368Z","action":"Accept","responseTime":"2024-04-27T18:35:50.083Z","modalTag":"popupB"}
{"siteAccessTime":"2024-04-28T22:11:08.993Z","action":"Decline","responseTime":"2024-04-28T22:11:13.043Z","modalTag":"popupB"}
{"siteAccessTime":"2024-04-28T22:11:46.458Z","action":"Close","responseTime":"2024-04-28T22:11:49.417Z","modalTag":"popupA"}
{"siteAccessTime":"2024-04-28T22:15:51.482Z","action":"Accept","responseTime":"2024-04-28T22:15:53.901Z","modalTag":"popupB"}
{"siteAccessTime":"2024-04-28T22:17:31.806Z","action":"Decline","responseTime":"2024-04-28T22:17:33.384Z","modalTag":"popupB"}
{"siteAccessTime":"2024-04-28T22:17:33.965Z","action":"Accept","responseTime":"2024-04-28T22:17:34.761Z","modalTag":"popupD"}
{"siteAccessTime":"2024-04-28T22:17:35.579Z","action":"Background Close","responseTime":"2024-04-28T22:17:36.159Z","modalTag":"popupB"}
{"siteAccessTime":"2024-04-28T22:17:36.727Z","action":"Close","responseTime":"2024-04-28T22:17:38.302Z","modalTag":"popupB"}
{"siteAccessTime":"2024-04-28T22:17:38.944Z","action":"Decline","responseTime":"2024-04-28T22:17:40.121Z","modalTag":"popupD"}
{"siteAccessTime":"2024-04-28T22:17:40.604Z","action":"Accept","responseTime":"2024-04-28T22:17:41.307Z","modalTag":"popupD"}
{"siteAccessTime":"2024-04-28T22:21:45.899Z","action":"Decline","responseTime":"2024-04-28T22:21:52.279Z","modalTag":"popupB"}
{"siteAccessTime":"2024-04-28T22:21:53.202Z","action":"Accept","responseTime":"2024-04-28T22:21:53.979Z","modalTag":"popupC"}
{"siteAccessTime":"2024-04-28T22:21:54.472Z","action":"Close","responseTime":"2024-04-28T22:21:55.671Z","modalTag":"popupB"}
{"siteAccessTime":"2024-04-28T22:21:56.137Z","action":"Background Close","responseTime":"2024-04-28T22:21:56.794Z","modalTag":"popupB"}
{"siteAccessTime":"2024-04-28T22:21:57.344Z","action":"Accept","responseTime":"2024-04-28T22:21:58.311Z","modalTag":"popupD"}
{"siteAccessTime":"2024-04-28T22:21:58.853Z","action":"Decline","responseTime":"2024-04-28T22:21:59.545Z","modalTag":"popupC"}
{"siteAccessTime":"2024-04-28T22:22:00.023Z","action":"Accept","responseTime":"2024-04-28T22:22:00.738Z","modalTag":"popupC"}
{"siteAccessTime":"2024-04-28T22:22:01.241Z","action":"Decline","responseTime":"2024-04-28T22:22:01.908Z","modalTag":"popupC"}
{"siteAccessTime":"2024-04-28T22:22:02.348Z","action":"Accept","responseTime":"2024-04-28T22:22:03.086Z","modalTag":"popupB"}
{"siteAccessTime":"2024-04-28T22:22:03.531Z","action":"Accept","responseTime":"2024-04-28T22:22:04.201Z","modalTag":"popupC"}
{"siteAccessTime":"2024-04-28T22:23:01.996Z","action":"Accept","responseTime":"2024-04-28T22:23:05.421Z","modalTag":"popupC"}
{"siteAccessTime":"2024-04-28T22:23:07.280Z","action":"Decline","responseTime":"2024-04-28T22:23:08.249Z","modalTag":"popupB"}
{"siteAccessTime":"2024-04-28T22:29:13.276Z","action":"Accept","responseTime":"2024-04-28T22:29:14.608Z","modalTag":"popupB"}
{"siteAccessTime":"2024-04-28T22:29:15.804Z","action":"Decline","responseTime":"2024-04-28T22:29:16.529Z","modalTag":"popupC"}
{"siteAccessTime":"2024-04-28T22:31:59.840Z","action":"Close","responseTime":"2024-04-28T22:32:07.529Z","modalTag":"popupB"}
{"siteAccessTime":"2024-04-28T22:42:11.844Z","action":"Background Close","responseTime":"2024-04-28T22:42:12.384Z","modalTag":"popupD"}
{"siteAccessTime":"2024-04-28T22:43:54.765Z","action":"Decline","responseTime":"2024-04-28T22:43:56.926Z","modalTag":"popupA"}
{"siteAccessTime":"2024-04-28T22:43:57.422Z","action":"Accept","responseTime":"2024-04-28T22:43:58.136Z","modalTag":"popupD"}
{"siteAccessTime":"2024-04-28T22:43:58.601Z","action":"Accept","responseTime":"2024-04-28T22:43:59.125Z","modalTag":"popupA"}
{"siteAccessTime":"2024-04-28T22:44:00.224Z","action":"Accept","responseTime":"2024-04-28T22:44:05.907Z","modalTag":"popupC"}
2024-04-28T22:45:03.691Z,Decline,2024-04-28T22:45:04.687Z,popupD,
2024-04-28T22:45:05.878Z,Accept,2024-04-28T22:45:06.695Z,popupD,
2024-04-28T22:45:07.357Z,Decline,2024-04-28T22:45:08.070Z,popupC,
2024-04-28T22:45:08.690Z,Accept,2024-04-28T22:45:09.437Z,popupB,
2024-04-28T22:45:53.249Z,Decline,2024-04-28T22:45:54.466Z,popupD,
2024-04-28T22:45:54.906Z,Accept,2024-04-28T22:45:55.612Z,popupC,
2024-04-28T22:46:01.891Z,Accept,2024-04-28T22:46:02.679Z,popupC,
2024-04-28T22:46:03.156Z,Decline,2024-04-28T22:46:03.882Z,popupD,
2024-04-28T22:46:32.340Z,Decline,2024-04-28T22:46:33.614Z,popupA,
2024-04-28T22:46:34.160Z,Accept,2024-04-28T22:46:34.823Z,popupD,
2024-04-28T22:46:35.243Z,Accept,2024-04-28T22:46:35.756Z,popupB,
2024-04-28T22:46:36.205Z,Accept,2024-04-28T22:46:36.658Z,popupA,
2024-04-28T22:46:37.085Z,Background Close,2024-04-28T22:46:37.606Z,popupA,
2024-04-28T22:46:38.045Z,Close,2024-04-28T22:46:39.083Z,popupD,
2024-04-28T22:49:28.707Z,Decline,2024-04-28T22:49:30.471Z,popupC,
2024-04-28T22:49:31.139Z,Accept,2024-04-28T22:49:31.807Z,popupB,
2024-04-28T22:49:32.257Z,Decline,2024-04-28T22:49:33.040Z,popupA,
exampleSessionId,exampleAction
exampleSessionId,exampleAction
2024-04-28T22:54:26.029Z,Decline,2024-04-28T22:54:27.602Z,popupD,
exampleSessionId,exampleAction
exampleSessionId,exampleAction
2024-04-28T22:54:28.063Z,Accept,2024-04-28T22:54:28.740Z,popupA,
2024-04-28T22:56:21.497Z,Decline,2024-04-28T22:56:22.944Z,popupB,
2024-04-28T22:57:16.534Z,Decline,2024-04-28T22:57:17.651Z,popupB,
2024-04-28T22:57:19.583Z,Accept,2024-04-28T22:57:20.392Z,popupC,
2024-04-28T22:57:21.172Z,Decline,2024-04-28T22:57:21.855Z,popupD,
2024-04-28T22:57:34.502Z,Accept,2024-04-28T22:57:35.630Z,popupD,
2024-04-28T22:57:36.754Z,Decline,2024-04-28T22:57:37.496Z,popupB,
2024-04-28T22:57:38.133Z,Accept,2024-04-28T22:57:38.934Z,popupD,
2024-04-28T22:57:39.542Z,Decline,2024-04-28T22:57:40.232Z,popupC,
2024-04-28T23:07:34.053Z,Accept,2024-04-28T23:07:35.531Z,popupC,
2024-04-28T23:07:36.600Z,Decline,2024-04-28T23:07:37.373Z,popupD,
2024-04-28T23:07:38.466Z,Accept,2024-04-28T23:07:39.149Z,popupC,
2024-04-28T23:07:41.079Z,Decline,2024-04-28T23:07:41.784Z,popupD,
2024-04-28T23:08:12.412Z,Decline,2024-04-28T23:08:13.415Z,popupA,
2024-04-28T23:08:14.041Z,Accept,2024-04-28T23:08:14.815Z,popupA,
2024-04-28T23:08:15.321Z,Decline,2024-04-28T23:08:16.024Z,popupB,
2024-04-28T23:08:16.479Z,Background Close,2024-04-28T23:08:17.052Z,popupC,
2024-04-28T23:08:17.527Z,Close,2024-04-28T23:08:18.751Z,popupA,
2024-04-28T23:10:27.925Z,Decline,2024-04-28T23:10:29.059Z,popupB,jvzh1qw4
2024-04-28T23:10:30.070Z,Accept,2024-04-28T23:10:31.312Z,popupC,ldd9hc52
2024-04-28T23:10:32.107Z,Decline,2024-04-28T23:10:32.815Z,popupC,k5agtzie
2024-04-28T23:11:34.486Z,Accept,2024-04-28T23:11:35.641Z,popupB,io5qktcc
2024-04-28T23:11:36.770Z,Decline,2024-04-28T23:11:37.499Z,popupB,d8x44zmo
2024-04-28T23:11:38.125Z,Decline,2024-04-28T23:11:38.614Z,popupB,u4q4fuc8
2024-04-28T23:11:39.138Z,Decline,2024-04-28T23:11:39.612Z,popupB,lgr1xqh8
2024-04-28T23:11:40.053Z,Decline,2024-04-28T23:11:40.528Z,popupB,uj2n0c0w
2024-04-28T23:11:41.014Z,Decline,2024-04-28T23:11:41.476Z,popupA,t5b7jwjp
2024-04-28T23:11:41.940Z,Decline,2024-04-28T23:11:42.440Z,popupD,uan8mp9x
2024-04-28T23:13:48.906Z,Decline,2024-04-28T23:13:49.985Z,popupB,60j38ee3
2024-04-28T23:13:55.676Z,Decline,2024-04-28T23:13:56.531Z,popupA,ouylu1nr
2024-04-28T23:13:57.407Z,Accept,2024-04-28T23:13:58.215Z,popupD,asnfc63j
2024-04-28T23:14:00.184Z,Accept,2024-04-28T23:14:01.030Z,popupB,zr8aqbo1
2024-04-28T23:14:01.561Z,Accept,2024-04-28T23:14:02.058Z,popupC,8q3xsobz
2024-04-28T23:14:02.586Z,Accept,2024-04-28T23:14:03.030Z,popupD,u9ee0bxk
2024-04-28T23:14:03.566Z,Accept,2024-04-28T23:14:04.018Z,popupA,lp9jxt3w
2024-04-28T23:18:01.448Z,Background Close,2024-04-28T23:18:02.421Z,popupB
2024-04-28T23:18:41.599Z,Decline,2024-04-28T23:18:42.648Z,popupB
2024-04-28T23:18:44.565Z,Accept,2024-04-28T23:18:45.462Z,popupC
2024-04-28T23:18:46.046Z,Accept,2024-04-28T23:18:46.531Z,popupA
2024-04-28T23:18:47.223Z,Background Close,2024-04-28T23:18:47.778Z,popupC
2024-04-28T23:18:48.389Z,Close,2024-04-28T23:18:49.486Z,popupD
2024-04-28T23:18:52.207Z,Close,2024-04-28T23:18:53.209Z,popupD
2024-04-28T23:18:53.687Z,Close,2024-04-28T23:18:54.172Z,popupB
2024-04-28T23:18:54.738Z,Close,2024-04-28T23:18:55.193Z,popupB
2024-04-28T23:20:26.722Z,Decline,2024-04-28T23:20:28.363Z,popupC
2024-04-28T23:20:29.411Z,Decline,2024-04-28T23:20:30.386Z,popupD
2024-04-28T23:20:30.924Z,Decline,2024-04-28T23:20:31.430Z,popupA
2024-04-28T23:20:31.955Z,Decline,2024-04-28T23:20:32.441Z,popupB
2024-04-28T23:20:32.916Z,Accept,2024-04-28T23:20:33.619Z,popupA
2024-04-28T23:20:34.209Z,Background Close,2024-04-28T23:20:34.774Z,popupB
2024-04-28T23:20:35.383Z,Close,2024-04-28T23:20:36.734Z,popupC
2024-04-28T23:21:34.411Z,Decline,2024-04-28T23:21:35.903Z,popupD
2024-04-28T23:21:36.465Z,Decline,2024-04-28T23:21:36.970Z,popupC
2024-04-28T23:21:37.453Z,Decline,2024-04-28T23:21:37.910Z,popupC
2024-04-28T23:21:38.389Z,Decline,2024-04-28T23:21:38.860Z,popupB
2024-04-28T23:21:39.331Z,Decline,2024-04-28T23:21:39.776Z,popupB
2024-04-28T23:21:40.670Z,Accept,2024-04-28T23:21:41.444Z,popupA
2024-04-28T23:21:41.926Z,Accept,2024-04-28T23:21:42.409Z,popupC
2024-04-28T23:21:42.922Z,Accept,2024-04-28T23:21:43.367Z,popupB
2024-04-28T23:21:43.870Z,Background Close,2024-04-28T23:21:44.464Z,popupD
2024-04-28T23:21:44.890Z,Background Close,2024-04-28T23:21:45.357Z,popupB
2024-04-28T23:21:45.805Z,Background Close,2024-04-28T23:21:46.252Z,popupA
2024-04-28T23:21:46.694Z,Close,2024-04-28T23:21:49.517Z,popupA
2024-04-28T23:23:16.878Z,Accept,2024-04-28T23:23:17.895Z,popupD
2024-04-28T23:23:18.669Z,Decline,2024-04-28T23:23:19.343Z,popupC
2024-04-28T23:23:19.890Z,Background Close,2024-04-28T23:23:20.528Z,popupC
2024-04-28T23:23:21.070Z,Close,2024-04-28T23:23:22.734Z,popupD
2024-04-28T23:26:26.845Z,Accept,2024-04-28T23:26:28.124Z,popupA
2024-04-28T23:26:40.424Z,Accept,2024-04-28T23:26:42.189Z,popupD
2024-04-28T23:26:43.177Z,Accept,2024-04-28T23:26:43.711Z,popupB
2024-04-28T23:26:44.342Z,Decline,2024-04-28T23:26:45.011Z,popupC
2024-04-28T23:26:45.488Z,Decline,2024-04-28T23:26:45.959Z,popupD
2024-04-28T23:26:46.432Z,Background Close,2024-04-28T23:26:47.003Z,popupA
2024-04-28T23:26:47.503Z,Background Close,2024-04-28T23:26:47.952Z,popupB
2024-04-28T23:26:48.989Z,Close,2024-04-28T23:26:50.388Z,popupA
2024-04-28T23:26:51.029Z,Close,2024-04-28T23:26:51.621Z,popupD
2024-04-28T23:29:25.066Z,Decline,2024-04-28T23:29:26.315Z,popupB
2024-04-28T23:32:02.596Z,Accept,2024-04-28T23:32:04.925Z,popupA
2024-04-28T23:32:06.035Z,Decline,2024-04-28T23:32:06.753Z,popupD
2024-04-28T23:32:07.241Z,Accept,2024-04-28T23:32:07.977Z,popupC
2024-04-28T23:32:08.617Z,Decline,2024-04-28T23:32:09.590Z,popupA
2024-04-28T23:35:07.860Z,Decline,2024-04-28T23:35:08.907Z,popupA
2024-04-28T23:35:09.521Z,Decline,2024-04-28T23:35:10.038Z,popupC
2024-04-28T23:35:10.800Z,Decline,2024-04-28T23:35:11.406Z,popupA
2024-04-28T23:35:53.732Z,Decline,2024-04-28T23:35:54.945Z,popupA
2024-04-28T23:35:56.079Z,Decline,2024-04-28T23:35:56.733Z,popupB
2024-04-28T23:35:57.891Z,Decline,2024-04-28T23:35:58.496Z,popupD
2024-04-28T23:35:59.170Z,Decline,2024-04-28T23:35:59.801Z,popupA
2024-04-28T23:38:26.840Z,Accept,2024-04-28T23:38:28.071Z,popupA
2024-04-28T23:38:29.158Z,Accept,2024-04-28T23:38:29.777Z,popupD
2024-04-28T23:38:30.371Z,Decline,2024-04-28T23:38:31.082Z,popupD
2024-04-28T23:38:31.630Z,Decline,2024-04-28T23:38:32.148Z,popupB
2024-04-28T23:38:32.637Z,Background Close,2024-04-28T23:38:33.272Z,popupC
2024-04-28T23:38:33.785Z,Background Close,2024-04-28T23:38:34.283Z,popupC
2024-04-28T23:38:34.772Z,Close,2024-04-28T23:38:36.110Z,popupD
2024-04-28T23:38:36.733Z,Close,2024-04-28T23:38:37.321Z,popupD
2024-04-28T23:43:31.398Z,Decline,2024-04-28T23:44:36.589Z,popupA
2024-04-28T23:47:55.232Z,Accept,2024-04-28T23:47:56.998Z,popupB,nkvci6a1
2024-04-28T23:47:59.744Z,Decline,2024-04-28T23:48:00.746Z,popupA,0m7as9r7
2024-04-28T23:48:01.430Z,Decline,2024-04-28T23:48:02.020Z,popupD,18bicb0h
2024-04-28T23:48:02.529Z,Decline,2024-04-28T23:48:03.024Z,popupA,s0dg0xs3
2024-04-28T23:48:03.690Z,Background Close,2024-04-28T23:48:04.241Z,popupB,79x0kftj
2024-04-28T23:48:07.647Z,Close,2024-04-28T23:48:09.428Z,popupA,pitmehjr
2024-04-28T23:49:43.514Z,Accept,2024-04-28T23:49:44.769Z,popupB,szaozcil
2024-04-28T23:49:45.895Z,Decline,2024-04-28T23:49:46.680Z,popupC,e3itbvvl
2024-04-28T23:49:47.273Z,Background Close,2024-04-28T23:49:47.883Z,popupB,v7sqnbp7
2024-04-28T23:49:48.434Z,Close,2024-04-28T23:49:49.883Z,popupD,99e9vfsx
2024-04-29T02:06:20.249Z,Close,2024-04-29T02:06:21.652Z,popupC,f5jq4dbk
2024-04-29T02:06:22.481Z,Decline,2024-04-29T02:06:23.589Z,popupA,31oeuqy2
2024-04-29T02:06:24.551Z,Accept,2024-04-29T02:06:25.400Z,popupA,kdz1jrsm
2024-04-29T02:06:26.246Z,Background Close,2024-04-29T02:06:27.007Z,popupC,ek0ge2f4
2024-04-29T02:06:27.742Z,Close,2024-04-29T02:06:29.102Z,popupB,mesmiqni
2024-04-29T02:07:50.913Z,Close,2024-04-29T02:07:52.415Z,popupA,9fttyr4j
2024-04-29T02:07:59.624Z,Accept,2024-04-29T02:08:01.239Z,popupD,y0j2kle7
2024-04-29T02:08:02.582Z,Decline,2024-04-29T02:08:03.343Z,popupD,g4jz9mon
2024-04-29T02:08:04.097Z,Close,2024-04-29T02:08:05.359Z,popupD,z5pt95t7
2024-04-29T02:08:35.728Z,Decline,2024-04-29T02:08:37.388Z,popupA,wqcz1a19
2024-04-29T02:08:38.251Z,Accept,2024-04-29T02:08:38.914Z,popupA,5riclaon
2024-04-29T02:08:39.586Z,Decline,2024-04-29T02:08:40.882Z,popupB,3oawyg3s
2024-04-29T02:08:41.527Z,Accept,2024-04-29T02:08:42.298Z,popupB,z04p4zc2
2024-04-29T02:12:37.225Z,Decline,2024-04-29T02:12:38.723Z,popupC,l3i4diqv
2024-04-29T02:12:39.985Z,Accept,2024-04-29T02:12:41.016Z,popupC,cazt7vwp
2024-04-29T02:12:44.932Z,Close,2024-04-29T02:12:46.342Z,popupD,6sjlwql5
2024-04-29T21:01:43.727Z,Decline,2024-04-29T21:01:46.019Z,popupA,c2e6u7ig
2024-04-29T21:10:07.115Z,Decline,2024-04-29T21:10:08.719Z,popupA,ulscdit7
2024-04-29T21:16:52.360Z,Decline,2024-04-29T21:16:57.811Z,popupA,rrxzq23k
2024-04-29T21:17:44.937Z,Decline,2024-04-29T21:17:46.211Z,popupB,bcg0o3hi
2024-04-29T21:18:08.235Z,Decline,2024-04-29T21:18:09.661Z,popupA,4cx04lkd
2024-04-29T21:19:10.271Z,Decline,2024-04-29T21:19:14.268Z,popupA,zgl04gwe
2024-04-29T21:20:03.696Z,Decline,2024-04-29T21:20:05.645Z,popupA,qkp5schs
2024-04-29T21:20:31.319Z,Close,2024-04-29T21:20:33.981Z,popupB,9yso8wi1
2024-04-29T21:22:01.759Z,Decline,2024-04-29T21:22:04.648Z,popupC,678nlyno
2024-04-29T21:22:06.837Z,Decline,2024-04-29T21:22:09.237Z,popupA,2f28jkkc
2024-04-29T21:22:44.089Z,Close,2024-04-29T21:22:45.733Z,popupD,vkmw627b
2024-04-29T21:23:26.365Z,Accept,2024-04-29T21:23:29.913Z,popupB,7ep754o1
2024-04-29T21:23:44.490Z,Close,2024-04-29T21:23:46.489Z,popupA,6uuxu70j
2024-04-29T21:23:49.651Z,Decline,2024-04-29T21:23:52.876Z,popupA,dd0vryux
2024-04-29T21:28:06.557Z,Close,2024-04-29T21:28:16.786Z,popupD,xe0dbla1
2024-04-29T21:28:22.244Z,Decline,2024-04-29T21:28:29.617Z,popupA,ls5vp03i
2024-04-29T21:31:09.831Z,Background Close,2024-04-29T21:31:15.276Z,popupA,ounmvnzf
2024-04-29T22:24:42.023Z,Decline,2024-04-29T22:25:13.510Z,popupA,ca3nv1es
2024-04-29T22:25:34.754Z,Background Close,2024-04-29T22:25:41.489Z,popupB,mozrwymi
2024-04-29T22:25:43.591Z,Close,2024-04-29T22:25:45.471Z,popupB,6s0boxa8
2024-04-29T22:25:46.049Z,Background Close,2024-04-29T22:25:46.610Z,popupC,liw2lfrs
2024-04-29T22:25:47.136Z,Accept,2024-04-29T22:25:48.415Z,popupA,79avlwbu
2024-04-29T22:25:48.984Z,Decline,2024-04-29T22:25:50.147Z,popupB,72hi7z6v
2024-04-29T22:26:54.246Z,Accept,2024-04-29T22:26:55.655Z,popupD,061ynuxm
2024-04-29T22:28:44.374Z,Background Close,2024-04-29T22:36:36.025Z,popupA,3u8442xy
2024-04-29T22:38:50.102Z,Close,2024-04-29T22:38:52.355Z,popupC,l3tb87t1
2024-04-30T00:34:16.208Z,Background Close,2024-04-30T00:34:29.728Z,popupA,hncs7y45
2024-04-30T00:34:40.126Z,Close,2024-04-30T00:34:41.644Z,popupC,pzsu2d15
2024-04-30T00:35:09.528Z,Background Close,2024-04-30T00:35:10.158Z,popupB,9ax1we2f
2024-04-30T00:35:20.485Z,Accept,2024-04-30T00:35:22.848Z,popupC,ha6l5q3k
2024-04-30T00:38:54.728Z,Decline,2024-04-30T00:39:17.450Z,popupA,4v2fcrb8
2024-04-30T00:40:30.943Z,Decline,2024-04-30T00:40:44.019Z,popupA,ppu5ad2v
2024-04-30T00:41:23.659Z,Decline,2024-04-30T00:41:25.401Z,popupA,pcgfioyr
2024-04-30T00:43:16.056Z,Decline,2024-04-30T00:43:19.146Z,popupA,eltz0yce
2024-04-30T00:45:19.077Z,Decline,2024-04-30T00:45:24.105Z,popupA,7oq39lp5
2024-04-30T00:53:03.834Z,Accept,2024-04-30T00:53:05.833Z,popupC,l6uzj1tu
2024-04-30T00:54:21.675Z,Accept,2024-04-30T00:54:24.569Z,popupD,8dhh3ypl
2024-04-30T00:54:39.791Z,Accept,2024-04-30T00:54:41.699Z,popupA,vakpakbb
2024-04-30T00:55:07.611Z,Accept,2024-04-30T00:55:09.415Z,popupD,m4np8xon
2024-04-30T00:55:12.292Z,Decline,2024-04-30T00:55:13.659Z,popupA,x5n30p5o
2024-04-30T00:55:18.225Z,Close,2024-04-30T00:55:20.403Z,popupC,7bfnnvv6
2024-04-30T01:05:47.888Z,Background Close,2024-04-30T01:06:18.358Z,popupA,ck0nddih
2024-04-30T01:09:30.756Z,Close,2024-04-30T01:10:35.709Z,popupB,rw3uoep3
2024-04-30T01:18:20.959Z,Close,2024-04-30T01:18:39.187Z,popupB,ptymrnpt
2024-04-30T01:23:48.199Z,Background Close,2024-04-30T01:24:13.929Z,popupB,zo0pevz4
2024-04-30T01:24:21.398Z,Accept,2024-04-30T01:24:35.030Z,popupA,el3svkm5
2024-04-30T01:24:36.604Z,Accept,2024-04-30T01:24:38.377Z,popupC,7n1vnpvk
2024-04-30T01:24:40.511Z,Decline,2024-04-30T01:24:44.063Z,popupB,fyttmvft
2024-04-30T01:29:00.678Z,Background Close,2024-04-30T01:29:57.608Z,popupB,m7oiafqz
